EbN0[dB],BER
0,0.490042
5,0.480388
10,0.478576
15,0.478714
20,0.478616
25,0.484207
30,0.494838
