Doppler_Frequency[Hz],BER
0,0.0002625
5000,0.000305288
10000,0.000940865
15000,0.00308125
20000,0.0219394
25000,0.0855957
