EbN0[dB],BER
0,0.167287
5,0.0704635
10,0.024931
15,0.00811624
20,0.00259359
25,0.000832051
30,0.000255983
